Community,Keyword
1,aapko
1,aata
1,aisa
1,aise
1,apna
1,apne
1,baad
1,baar
1,baat
1,baki
1,bana
1,bar
1,bare
1,bata
1,batao
1,bihar
1,bjp
1,bta
1,desh
1,dono
1,gya
1,har
1,hote
1,hoti
1,iss
1,issue
1,itna
1,jaise
1,jaye
1,jyada
1,kaam
1,kabhi
1,khud
1,kuchh
1,kyuki
1,list
1,log
1,naam
1,name
1,news
1,padhai
1,pata
1,patna
1,problem
1,pta
1,ragging
1,research
1,rha
1,rhe
1,rhi
1,saal
1,sakta
1,sakte
1,sare
1,sarkar
1,sath
1,show
1,system
1,thik
1,usme
1,vote
1,wala
1,wale
1,yahi
2,admission
2,available
2,best
2,better
2,bit
2,branch
2,central
2,clg
2,collage
2,cse
2,delhi
2,ece
2,etc
2,fee
2,get
2,good
2,government
2,govt
2,hostel
2,india
2,information
2,jadavpur
2,job
2,join
2,kaisa
2,kerala
2,know
2,management
2,mean
2,milega
2,new
2,option
2,package
2,people
2,placement
2,possible
2,private
2,provide
2,ranking
2,say
2,scholarship
2,seat
2,sikkim
2,state
2,study
2,tech
2,tell
2,thing
2,think
2,top
2,want
2,work
3,abhi
3,agr
3,apply
3,chahiye
3,class
3,come
3,counselling
3,date
3,day
3,dena
3,english
3,entrance
3,exam
3,fill
3,form
3,free
3,gat
3,give
3,help
3,hota
3,jab
3,level
3,maine
3,month
3,online
3,open
3,paisa
3,pas
3,question
3,registration
3,result
3,start
3,subject
3,tak
3,time
3,use
4,addmission
4,agriculture
4,bed
4,category
4,certificate
4,chance
4,cusb
4,cut
4,cutoff
4,din
4,first
4,general
4,got
4,hons
4,jayega
4,kitna
4,kitne
4,lakh
4,llb
4,mark
4,mujhe
4,obc
4,percentile
4,program
4,rank
4,round
4,score
4,skta
4,year
5,नहीं
5,बिहार
5,में
5,रहा
5,लिए
5,सरकार
5,हैं
5,है।
6,check
6,contact
6,detail
6,number
6,website
7,life
7,science
7,technology
8,bad
8,choose
8,karne
