NGram,Frequency
plaksha upr vdo,48
send hey whatsapp,44
come notice try,43
punjab big fan,36
art commerce science,30
informed request come,29
notice try requested,29
request come notice,29
commerce science field,28
central south bihar,27
hey whatsapp free,26
bannaooo bannaoo bana,24
kbse plaksha upr,24
banna kbse plaksha,24
upr vdo banna,24
whatsapp free guidance,24
upr vdo bannaooo,24
vdo bannaooo bannaoo,24
vdo banna kbse,24
hostel mess fee,23
jamia millia islamia,19
fill profile analysis,18
profile analysis form,18
baare jaankari sakte,17
vachidhi stay tuned,17
पटन वव लय,17
important point aapko,17
mene hindi language,17
curricular activity alawa,16
curricular activity participate,16
