University,Bigram,Frequency
Patna University,news pinch,92
Patna University,पत रक,78
Patna University,वव लय,44
Patna University,पटन वर,40
Patna University,yahi haal,27
Patna University,धन यव,24
Patna University,great work,23
Patna University,नह रह,21
Patna University,political science,21
Patna University,good work,21
Patna University,nitish kumar,18
Patna University,good job,17
Patna University,पटन वव,16
Patna University,बह बह,16
Patna University,बह अच,15
Patna University,bihar muzaffarpur,14
Patna University,bjp jdu,13
Patna University,pinch team,13
Patna University,dena chahiye,13
Patna University,yahi hal,13
Central University of South Bihar,obc ncl,46
Central University of South Bihar,life science,42
Central University of South Bihar,south bihar,31
Central University of South Bihar,general category,30
Central University of South Bihar,obc category,28
Central University of South Bihar,bba llb,28
Central University of South Bihar,waiting list,25
Central University of South Bihar,political science,22
Central University of South Bihar,central south,22
Central University of South Bihar,english gat,19
Central University of South Bihar,gat english,18
Central University of South Bihar,merit list,18
Central University of South Bihar,registration start,17
Central University of South Bihar,cusb admission,15
Central University of South Bihar,kitne mark,14
Central University of South Bihar,get admission,14
Central University of South Bihar,admission cusb,13
Central University of South Bihar,admission lene,12
Central University of South Bihar,bata dijiye,12
Central University of South Bihar,kitna ban,12
Delhi University,preference list,82
Delhi University,curricular activity,48
Delhi University,bcom hons,35
Delhi University,point aapko,33
Delhi University,jaana jaata,32
Delhi University,art commerce,31
Delhi University,commerce science,30
Delhi University,career goal,29
Delhi University,science field,28
Delhi University,preference sheet,20
Delhi University,subject mapping,19
Delhi University,graduate postgraduate,18
Delhi University,hindi language,17
Delhi University,important point,17
Delhi University,jaankari sakte,17
Delhi University,karne mauka,17
Delhi University,easily accessible,17
Delhi University,language exam,17
Delhi University,baare jaankari,17
Delhi University,english language,17
Jadavpur University,west bengal,32
Jadavpur University,ragging hota,11
Jadavpur University,first year,9
Jadavpur University,ragging hoti,9
Jadavpur University,jamia milai,8
Jadavpur University,milai banawo,8
Jadavpur University,average package,7
Jadavpur University,lateral entry,7
Jadavpur University,jadavpur ragging,6
Jadavpur University,return investment,6
Jadavpur University,get admission,5
Jadavpur University,get chance,5
Jadavpur University,proud jadavpurian,5
Jadavpur University,ragging murder,5
SRM Institute of Science and Technology,upr vdo,48
SRM Institute of Science and Technology,plaksha upr,48
SRM Institute of Science and Technology,kbse plaksha,24
SRM Institute of Science and Technology,banna kbse,24
SRM Institute of Science and Technology,bannaoo bana,24
SRM Institute of Science and Technology,bannaooo bannaoo,24
SRM Institute of Science and Technology,vdo bannaooo,24
SRM Institute of Science and Technology,vdo banna,24
SRM Institute of Science and Technology,stay tuned,23
SRM Institute of Science and Technology,pakka vachidhi,19
SRM Institute of Science and Technology,vachidhi stay,17
SRM Institute of Science and Technology,aadhe vasthundhi,9
SRM Institute of Science and Technology,cheyandi akka,8
SRM Institute of Science and Technology,gurinchi cheppandi,7
SRM Institute of Science and Technology,fee reimbursement,7
SRM Institute of Science and Technology,vel tech,7
SRM Institute of Science and Technology,pathi podunga,6
SRM Institute of Science and Technology,sneak pannunga,6
SRM Institute of Science and Technology,art science,5
SRM Institute of Science and Technology,jntu kakinada,5
