published_at,Comments,Month
2023-01-31 00:00:00+00:00,6,Jan-2023
2023-02-28 00:00:00+00:00,323,Feb-2023
2023-03-31 00:00:00+00:00,110,Mar-2023
2023-04-30 00:00:00+00:00,109,Apr-2023
2023-05-31 00:00:00+00:00,220,May-2023
2023-06-30 00:00:00+00:00,1265,Jun-2023
2023-07-31 00:00:00+00:00,365,Jul-2023
2023-08-31 00:00:00+00:00,579,Aug-2023
2023-09-30 00:00:00+00:00,116,Sep-2023
2023-10-31 00:00:00+00:00,54,Oct-2023
2023-11-30 00:00:00+00:00,60,Nov-2023
2023-12-31 00:00:00+00:00,46,Dec-2023
2024-01-31 00:00:00+00:00,54,Jan-2024
2024-02-29 00:00:00+00:00,57,Feb-2024
2024-03-31 00:00:00+00:00,94,Mar-2024
2024-04-30 00:00:00+00:00,193,Apr-2024
2024-05-31 00:00:00+00:00,202,May-2024
2024-06-30 00:00:00+00:00,170,Jun-2024
2024-07-31 00:00:00+00:00,147,Jul-2024
2024-08-31 00:00:00+00:00,455,Aug-2024
2024-09-30 00:00:00+00:00,149,Sep-2024
2024-10-31 00:00:00+00:00,56,Oct-2024
2024-11-30 00:00:00+00:00,42,Nov-2024
2024-12-31 00:00:00+00:00,36,Dec-2024
2025-01-31 00:00:00+00:00,80,Jan-2025
2025-02-28 00:00:00+00:00,87,Feb-2025
2025-03-31 00:00:00+00:00,537,Mar-2025
2025-04-30 00:00:00+00:00,264,Apr-2025
2025-05-31 00:00:00+00:00,349,May-2025
2025-06-30 00:00:00+00:00,1024,Jun-2025
2025-07-31 00:00:00+00:00,601,Jul-2025
2025-08-31 00:00:00+00:00,198,Aug-2025
2025-09-30 00:00:00+00:00,3840,Sep-2025
2025-10-31 00:00:00+00:00,853,Oct-2025
2025-11-30 00:00:00+00:00,329,Nov-2025
2025-12-31 00:00:00+00:00,138,Dec-2025
2026-01-31 00:00:00+00:00,232,Jan-2026
2026-02-28 00:00:00+00:00,159,Feb-2026
2026-03-31 00:00:00+00:00,331,Mar-2026
2026-04-30 00:00:00+00:00,387,Apr-2026
2026-05-31 00:00:00+00:00,638,May-2026
2026-06-30 00:00:00+00:00,857,Jun-2026
2026-07-31 00:00:00+00:00,910,Jul-2026
2026-08-31 00:00:00+00:00,19,Aug-2026
